id,word,meaning,example,level_en_cs,level_cs_en,practiced_en_cs,practiced_cs_en,topic
1,bewildered,zmatený,She looked bewildered when she heard the strange news.,7,7,2026-10-02,2026-09-30,general
2,common feature,"společný rys, vlastnost",Both houses share a common feature: a large garden in the back.,7,7,2026-10-01,2026-09-30,general
3,if you want,pokud chcete,"If you want, we can meet for coffee tomorrow.",7,7,2026-10-01,2026-09-29,general
4,plead,"prosit, přiznat se (u soudu)",He decided to plead guilty in court.,7,7,2026-09-30,2026-10-01,general
5,plea,"prosba, žádost",The lawyer entered a plea of not guilty on behalf of his client.,7,6,2026-10-03,2026-09-29,general
6,amid,"uprostřed, mezi",She remained calm amid the chaos of the busy market.,7,7,2026-10-01,2026-10-03,general
7,should you want,"kdybyste chtěl, pokud byste chtěl","Should you want any help, just let me know.",5,7,2026-10-03,2026-10-02,general
8,need to,"muset, potřebovat",I need to finish this report by tomorrow.,6,5,2026-09-29,2026-10-02,general
9,how long will it take,jak dlouho to potrvá,How long will it take to fix the car?,7,6,2026-10-02,2026-09-28,general
10,elfin forest,"skřítčí les, zakrslý horský les","The trail wound through an elfin forest of stunted, moss-covered trees near the mountaintop.",7,6,2026-10-03,2026-09-28,general
11,mischievous,"neplechu tropící, škodolibý",The mischievous child hid his sister's shoes as a prank.,4,5,2026-10-01,2026-09-29,general
12,ambiguity,"nejednoznačnost, dvojsmyslnost","His answer was full of ambiguity, so we still didn't know what he meant.",4,5,2026-10-03,2026-09-30,general
13,nuisance,"obtěžování, otrava",That barking dog is such a nuisance at night.,1,3,2026-10-01,2026-09-30,general
14,neglected,zanedbaný,"The old house looked neglected, with overgrown weeds and peeling paint.",5,5,2026-10-02,2026-10-01,general
15,inherent,"vlastní, inherentní",Risk is inherent in almost every investment decision.,6,4,2026-10-03,2026-10-02,general
16,unanimous,jednomyslný,The committee reached a unanimous decision to approve the new project.,3,5,2026-10-02,2026-10-02,general
17,disguise,"přestrojení, maskování",He wore a disguise so no one would recognize him at the party.,1,5,2026-09-29,2026-10-03,general
18,alleged,údajný,The alleged thief was questioned by the police.,5,5,2026-10-01,2026-10-02,general
